timestamp,latitude,longitude,temperature,humidity,precipitation,rain,wind_speed,weather_code,pm25,pm10,no2,o3,traffic_speed,complaints,outage_count,affected_customers,outage_duration_min
2026-09-09 00:00:00,26.889278,75.83149,26.6,74,0.0,0.0,11.3,0,45.518170000443824,90.7449167735536,21.26401697548668,34.46782868659214,57.68204247670718,10,1,38,44.11350296497038
2026-09-09 01:00:00,26.889278,75.83149,26.1,75,0.0,0.0,11.7,0,30.584494218017525,48.05007024504488,25.42462461882037,39.11780755995024,39.89662508483028,7,2,78,12.212300255207346
2026-09-09 02:00:00,26.889278,75.83149,25.7,76,0.0,0.0,11.5,0,62.23962096309717,97.65033821981456,21.975565267338176,30.76146546587779,37.40061459648211,13,0,0,34.91995293745005
2026-09-09 03:00:00,26.889278,75.83149,25.4,77,0.0,0.0,11.8,0,63.93153435855894,119.1714847611161,28.64750547333713,22.15792169238477,42.18662262191671,13,0,0,25.11846761327965
2026-09-09 04:00:00,26.889278,75.83149,24.9,78,0.0,0.0,11.0,0,51.28375840160474,94.72721301852089,22.645145190703108,44.8819622326276,36.93185305822993,11,3,60,9.65664160882595
2026-09-09 05:00:00,26.889278,75.83149,25.1,78,0.0,0.0,13.7,0,59.407856475346485,116.93913122289533,22.610650605358,35.10096887227312,55.55757218568023,10,2,66,49.806833001930656
2026-09-09 06:00:00,26.889278,75.83149,24.8,79,0.0,0.0,13.5,0,75.52473149773174,116.09019733917448,40.30752552065135,42.17429342713884,51.15930262600328,10,0,0,29.71740524600614
2026-09-09 07:00:00,26.889278,75.83149,25.6,76,0.0,0.0,12.7,0,67.72957408078976,102.15441266338424,37.474582932362125,28.70922665333629,49.46343177587353,4,0,0,38.63780638418779
2026-09-09 08:00:00,26.889278,75.83149,26.9,73,0.0,0.0,12.5,0,63.491668249672905,99.31093738655376,29.98590758663132,37.93219217854477,54.86909837842204,17,0,0,37.69768128092089
2026-09-09 09:00:00,26.889278,75.83149,28.2,67,0.0,0.0,13.5,0,63.25299266206534,124.03933217272105,39.27629923983886,29.900582194135385,40.79063999549437,13,1,30,29.9772159143583
2026-09-09 10:00:00,26.889278,75.83149,29.5,62,0.0,0.0,13.1,0,44.63719055497168,76.64083731484226,24.67683446921324,33.222541777095245,35.80109329865016,11,0,0,64.62541030446172
2026-09-09 11:00:00,26.889278,75.83149,31.0,56,0.0,0.0,11.7,0,66.56820078008275,114.13147666328511,33.58228887826982,40.08687600991728,47.42949741471551,8,1,22,34.29103021056486
2026-09-09 12:00:00,26.889278,75.83149,31.6,53,0.0,0.0,10.1,0,35.21844621190156,57.57869403420341,21.767475249439507,32.971653121224534,47.16499712280299,14,0,0,11.630715234849983
2026-09-09 13:00:00,26.889278,75.83149,32.1,52,0.0,0.0,9.1,0,51.014898246776056,81.48706134786462,23.32829064936447,43.999858207388485,39.011344114431495,11,0,0,28.99427959725023
2026-09-09 14:00:00,26.889278,75.83149,32.3,51,0.0,0.0,9.0,0,49.75247390879065,77.53546568983455,37.768706143078646,26.69894066898731,48.75093487204944,11,1,69,42.496064301681656
2026-09-09 15:00:00,26.889278,75.83149,32.2,52,0.0,0.0,9.4,0,34.25777552984788,64.29053882837225,19.46180579941249,34.19280579472211,55.30452525364008,14,0,0,42.98892664055826
2026-09-09 16:00:00,26.889278,75.83149,31.8,53,0.0,0.0,9.6,0,53.67593335598256,81.66679315664591,26.042017200230816,51.62885456674008,41.26680633886911,11,1,24,18.683285971073573
2026-09-09 17:00:00,26.889278,75.83149,31.4,55,0.0,0.0,8.3,0,74.72146091961282,139.77520764303708,19.672040563093752,30.974325365639853,46.36276606738884,10,0,0,48.942237610171546
2026-09-09 18:00:00,26.889278,75.83149,29.7,62,0.0,0.0,7.2,0,50.91847194849862,89.12792067888125,18.959244729086148,20.32697490196168,47.40970340381613,13,1,29,8.5569960669344
2026-09-09 19:00:00,26.889278,75.83149,28.9,63,0.0,0.0,9.4,0,40.50875991688796,64.42160062552618,29.48828776410552,50.97185163068947,48.40073069041246,13,0,0,52.16202803924627
2026-09-09 20:00:00,26.889278,75.83149,28.5,65,0.0,0.0,9.6,0,53.90735537792277,87.03542608392354,29.88023768730968,36.90336667349764,52.16033237970442,12,3,63,15.209781662938916
2026-09-09 21:00:00,26.889278,75.83149,28.0,67,0.0,0.0,8.8,0,65.24709179801185,99.29145979090676,16.627214910173898,27.892696873931584,49.119369085576,7,0,0,31.606321714869857
2026-09-09 22:00:00,26.889278,75.83149,27.3,71,0.0,0.0,8.5,0,57.31861738780459,110.11506896016792,47.389676580837815,26.53460663598745,54.797617830591776,12,1,59,50.9685301704005
2026-09-09 23:00:00,26.889278,75.83149,27.1,73,0.0,0.0,9.6,0,54.96801140244193,98.86005861730575,42.01441656822684,43.93613935058036,39.328175165508696,10,0,0,36.79408503330604
2026-09-10 00:00:00,26.889278,75.83149,26.8,74,0.0,0.0,10.1,0,38.08933289910867,71.137702175944,21.573745220398592,26.684392341970337,41.6951865677264,16,1,84,47.25047776570355
2026-09-10 01:00:00,26.889278,75.83149,26.6,74,0.0,0.0,10.3,0,61.01218890946511,107.95639779728933,32.600036579666266,20.99249205248673,50.7380156444859,4,1,82,44.279929395648985
2026-09-10 02:00:00,26.889278,75.83149,26.2,75,0.0,0.0,11.0,0,60.828773041404375,93.06756923130057,30.43470701102802,44.55751727464776,41.90298670395924,16,1,92,54.294029201069016
2026-09-10 03:00:00,26.889278,75.83149,25.9,76,0.0,0.0,11.1,0,71.09519446860702,131.9053471668744,23.8036912235188,40.50707515375382,41.08096977145652,17,1,36,50.93314776370568
2026-09-10 04:00:00,26.889278,75.83149,25.5,77,0.0,0.0,10.7,0,72.86863928345144,141.69796795116062,18.26644865916746,44.24760201242856,44.68156403925724,16,0,0,28.193835371953373
2026-09-10 05:00:00,26.889278,75.83149,25.9,76,0.0,0.0,11.8,2,63.262995761212586,103.25503680737748,29.188124560090323,32.68489298869797,47.465749118392026,11,5,470,44.494124506901976
2026-09-10 06:00:00,26.889278,75.83149,25.6,76,0.0,0.0,11.0,2,35.29099742576663,59.81872224486759,27.56720359884447,42.21865502566303,41.516260416699005,15,0,0,12.101722074533804
2026-09-10 07:00:00,26.889278,75.83149,26.5,73,0.0,0.0,10.8,0,37.77527797341677,75.3884921564904,39.12206972734042,28.391292786493388,49.15209120855531,13,0,0,34.131426389933225
2026-09-10 08:00:00,26.889278,75.83149,27.9,68,0.0,0.0,12.5,0,41.82425853950728,75.64571694798973,30.41205269462589,34.56011785938924,54.7130201947306,11,0,0,47.277271019578095
2026-09-10 09:00:00,26.889278,75.83149,29.3,62,0.0,0.0,13.6,0,58.53909949339141,91.62730071730148,20.610534406537205,40.11153914540538,32.50853525392417,11,0,0,37.00771481369
2026-09-10 10:00:00,26.889278,75.83149,30.8,57,0.0,0.0,12.5,2,45.553046775333314,72.28746676953077,23.330279393137843,40.86609502260871,28.99276350479228,12,1,68,41.699595972756285
2026-09-10 11:00:00,26.889278,75.83149,32.5,49,0.0,0.0,10.2,3,70.71445193291635,115.1804235460837,28.90338006056484,49.70845717891406,50.27066819728417,18,1,88,31.80091436051313
2026-09-10 12:00:00,26.889278,75.83149,33.4,44,0.0,0.0,7.2,3,57.92626312890492,113.76208682121352,37.20584728515184,46.66855205062501,39.425707546532806,13,0,0,51.93604156302714
2026-09-10 13:00:00,26.889278,75.83149,33.7,42,0.0,0.0,5.5,1,59.37720874840677,113.07201218657252,19.307425300473582,29.627067976103834,55.194370988326426,19,1,79,33.79376339436511
2026-09-10 14:00:00,26.889278,75.83149,33.5,42,0.1,0.1,5.9,51,63.2060972565819,95.33975631956127,31.260901645654865,33.32872051761227,64.58593734233956,16,1,69,29.0182472639392
2026-09-10 15:00:00,26.889278,75.83149,33.1,43,0.2,0.2,5.4,51,57.48297481713486,102.38107765677697,40.05555809981612,46.4336688909406,43.007710427777,11,2,194,50.297761188535816
2026-09-10 16:00:00,26.889278,75.83149,32.9,44,0.0,0.0,6.3,1,38.07319589776859,60.91890393006213,17.029556076981777,52.31757133862133,42.31474749251887,10,0,0,13.922601164533102
2026-09-10 17:00:00,26.889278,75.83149,33.1,43,0.0,0.0,8.3,1,84.42315015896489,137.1799013983874,41.03179276289129,44.65900488941293,44.951310299948176,14,3,84,42.515500152760175
2026-09-10 18:00:00,26.889278,75.83149,31.4,50,0.0,0.0,5.2,0,72.55586686794167,127.95826463466057,24.579765209510423,35.68134269209968,46.97094349063876,10,0,0,19.36272688659292
2026-09-10 19:00:00,26.889278,75.83149,30.3,55,0.0,0.0,5.2,0,73.27754405584895,116.97867133161826,28.756104103163736,42.27928456025676,44.682354529915095,21,0,0,54.16890243857248
2026-09-10 20:00:00,26.889278,75.83149,29.3,59,0.0,0.0,4.7,0,46.030208403933926,84.84275822365618,24.772539120386863,51.613181279620925,38.67344347033895,30,0,0,31.084591201298068
2026-09-10 21:00:00,26.889278,75.83149,28.4,64,0.0,0.0,3.9,3,32.830026690966726,49.86863897529802,32.33058413488427,53.68589432996629,47.89988750129676,10,2,40,37.02477081229533
2026-09-10 22:00:00,26.889278,75.83149,27.9,65,0.0,0.0,5.0,3,36.92038345335504,55.968187012732045,33.4443574240014,34.345936702883456,30.866130906046298,14,0,0,41.18855594966184
2026-09-10 23:00:00,26.889278,75.83149,28.4,63,0.0,0.0,8.2,3,42.35844143235106,69.66480192143443,33.71880017553261,30.325606752875203,47.75337484871263,20,0,0,6.05473105528764
2026-09-11 00:00:00,26.889278,75.83149,27.9,63,0.0,0.0,9.9,3,65.58567359402011,101.4069943573766,52.71572648993195,40.626528050722655,45.70344922565361,13,0,0,25.241227376647146
2026-09-11 01:00:00,26.889278,75.83149,27.4,63,0.0,0.0,10.0,2,65.80383292969603,126.82590754290668,8.561823552277097,33.96800135766836,54.15769042385591,12,3,237,50.65318863929831
2026-09-11 02:00:00,26.889278,75.83149,26.8,64,0.0,0.0,10.9,3,72.5007149739072,136.6296179638095,25.099149929771915,40.097639604316015,46.143446493109046,15,0,0,48.01647536256333
2026-09-11 03:00:00,26.889278,75.83149,26.6,66,0.0,0.0,12.2,3,80.70939947163524,143.66564252141472,18.324956769328303,31.249861910920984,48.39756338106292,14,2,182,39.245483080928246
2026-09-11 04:00:00,26.889278,75.83149,26.2,68,0.0,0.0,12.1,3,61.25089130369674,114.3709747889408,27.57973064939834,43.35244402449883,38.37555695566858,8,2,60,14.758046428617147
2026-09-11 05:00:00,26.889278,75.83149,26.4,68,0.0,0.0,12.5,3,59.25474189833284,89.17269600729983,23.45193855752288,45.26868237615421,46.22133584685406,13,1,33,43.78255191287869
2026-09-11 06:00:00,26.889278,75.83149,26.1,71,0.0,0.0,11.4,3,50.64397201310459,82.02720577158628,27.201815975552027,54.871855737502685,50.43895118153909,18,0,0,45.70099385308168
2026-09-11 07:00:00,26.889278,75.83149,27.0,69,0.0,0.0,11.2,3,50.96244766210324,89.65341156871933,29.15189322196232,52.79701283802631,52.14713485681665,9,0,0,35.70525819685618
2026-09-11 08:00:00,26.889278,75.83149,28.7,66,0.0,0.0,9.5,3,41.106595496032526,78.19384242576261,24.464949732048293,42.38942128717513,45.8310431914247,16,1,54,53.347564258871856
2026-09-11 09:00:00,26.889278,75.83149,30.4,60,0.0,0.0,10.3,2,61.12960152136783,109.74967780522934,37.16464289472705,31.227755412829552,56.0977602504078,15,2,112,24.74852314804816
2026-09-11 10:00:00,26.889278,75.83149,31.9,53,0.0,0.0,11.4,1,58.81805247944728,97.96812876584416,17.14165739518925,48.67967943078002,53.92835470689111,17,1,24,27.352136337500376
2026-09-11 11:00:00,26.889278,75.83149,33.3,43,0.0,0.0,14.6,1,50.13762057938212,81.47929677655031,25.04709327940313,33.62105594953699,40.43585224801778,10,0,0,5.0
2026-09-11 12:00:00,26.889278,75.83149,33.8,40,0.0,0.0,14.8,1,45.27297378338229,87.36517077135767,29.69101186532066,25.802137420940426,27.726187628545592,11,0,0,48.79741265221495
2026-09-11 13:00:00,26.889278,75.83149,34.0,40,0.0,0.0,13.4,1,60.48341714023272,107.55374346893444,40.89913384574439,36.996916766926745,37.317073452254455,13,0,0,39.707929452052014
2026-09-11 14:00:00,26.889278,75.83149,34.1,41,0.0,0.0,13.3,1,70.67392077760302,136.17705640591657,18.328234276869324,26.43903067765991,45.47842944829707,6,0,0,9.772695123001563
2026-09-11 15:00:00,26.889278,75.83149,33.6,42,0.1,0.1,14.8,51,55.1779774354923,85.61833548729804,19.216053452724687,58.37934606403303,45.61524445118313,13,4,244,9.621015000087793
2026-09-11 16:00:00,26.889278,75.83149,32.5,47,0.1,0.1,14.0,51,57.605228527900586,109.52999699779204,33.91502472303207,50.38726260842612,42.445423674202594,16,0,0,22.91054058943484
2026-09-11 17:00:00,26.889278,75.83149,31.4,52,0.0,0.0,14.6,3,48.42200273435572,74.31683844644033,30.21384856524512,52.97153339933968,42.05939473044266,9,3,177,46.9048691297053
2026-09-11 18:00:00,26.889278,75.83149,28.6,66,0.0,0.0,14.9,3,52.01768980083702,87.14957790736084,17.633234051844227,34.90638299928062,49.54452097403861,15,0,0,30.49459267867057
2026-09-11 19:00:00,26.889278,75.83149,27.4,72,0.0,0.0,11.3,3,51.20197325352557,87.07007707048564,39.19027760277866,37.880847728389774,40.88250380906288,16,0,0,22.928196250095127
2026-09-11 20:00:00,26.889278,75.83149,26.9,75,0.0,0.0,7.6,3,51.579056274980296,79.03662571994845,31.74293012250737,41.093123218081296,30.10848723759723,12,0,0,19.90826160374756
2026-09-11 21:00:00,26.889278,75.83149,26.4,78,0.0,0.0,8.6,3,47.83306265269012,93.97532471643228,26.87123726248342,34.902764294359194,42.82758220677267,10,1,51,19.2363206325772
2026-09-11 22:00:00,26.889278,75.83149,26.0,84,0.0,0.0,9.4,3,59.75660053785583,102.04819333328848,26.856675948756465,39.291493292971815,52.12637572679174,14,1,70,5.994825483386595
2026-09-11 23:00:00,26.889278,75.83149,26.2,87,0.0,0.0,11.3,3,70.59675153501782,108.1780532387393,30.468789523527164,43.21898975173035,39.04401141513864,16,1,57,16.889062525304382
2026-09-12 00:00:00,26.889278,75.83149,25.8,91,0.0,0.0,10.7,3,43.63389379146852,80.52419301683486,26.61826638453105,31.88698985215558,49.47764635894717,12,0,0,18.94132880484249
2026-09-12 01:00:00,26.889278,75.83149,25.5,93,0.0,0.0,10.3,3,71.79048080515506,119.69946811884245,32.36222396703854,38.4554917191306,49.02673700972571,12,0,0,45.2393485468572
2026-09-12 02:00:00,26.889278,75.83149,25.4,93,0.0,0.0,9.2,3,50.1639706868281,90.27941875031937,32.412001618578216,51.63442799319196,44.88599381143467,7,0,0,32.514154202800775
2026-09-12 03:00:00,26.889278,75.83149,25.3,93,0.1,0.1,9.6,51,49.79493460157329,91.2871738725649,20.595886642277048,40.607265486466254,47.36168290198908,13,1,44,23.616227354738086
2026-09-12 04:00:00,26.889278,75.83149,25.2,94,0.1,0.1,8.6,51,28.32240930761846,56.23154224177699,16.748618695322925,21.395546924628835,38.077320963533225,13,1,36,70.64584133109281
2026-09-12 05:00:00,26.889278,75.83149,25.2,95,0.0,0.0,9.5,2,25.94229156622344,46.37785418126349,42.854463567792216,29.795042562559075,45.422040039732266,10,0,0,25.04154629680001
2026-09-12 06:00:00,26.889278,75.83149,25.0,97,0.6,0.6,8.3,53,59.026036502742414,107.50545530820315,25.277477011295872,32.13126706403163,52.50172779512727,16,3,291,58.50654371575454
2026-09-12 07:00:00,26.889278,75.83149,25.5,94,0.3,0.3,11.8,51,39.50699906576597,78.2228583464065,43.94721399780724,34.494273667405395,42.96729500431,19,1,72,62.316628366815735
2026-09-12 08:00:00,26.889278,75.83149,26.2,90,0.2,0.2,12.2,51,63.06369983225452,104.78945756712346,30.94938957851032,41.02882788007548,36.2836481126831,13,0,0,13.450594935139854
2026-09-12 09:00:00,26.889278,75.83149,27.7,84,0.2,0.2,13.2,51,54.00751049916306,89.98692430121916,7.685471015742742,30.157558954216924,54.246385658620845,10,0,0,38.10944446110352
2026-09-12 10:00:00,26.889278,75.83149,29.0,76,0.1,0.1,16.0,51,57.20567773302695,106.1605978518199,32.00144535523977,54.68491393508367,34.97004246472183,10,1,70,28.23699523637664
2026-09-12 11:00:00,26.889278,75.83149,30.9,65,0.4,0.4,14.1,51,67.79965718035074,123.53539503454223,22.550680809108883,37.00633891163751,54.56485148219533,11,0,0,30.016134051609964
2026-09-12 12:00:00,26.889278,75.83149,30.4,67,0.3,0.3,15.7,51,51.73173906272197,86.10626556379545,11.213528322232502,44.07195156160084,44.16629737096721,10,0,0,46.33065225210362
2026-09-12 13:00:00,26.889278,75.83149,31.2,63,0.1,0.1,16.0,51,15.006684477190628,29.52115995947221,29.60454527218216,30.43063882152815,48.826466903629765,7,1,86,26.656942553650744
2026-09-12 14:00:00,26.889278,75.83149,30.9,61,0.3,0.3,18.2,51,31.736495420374688,63.11873304480217,20.475456315581983,18.48981734143836,45.9770286085901,16,0,0,30.56046430510294
2026-09-12 15:00:00,26.889278,75.83149,30.7,63,0.1,0.1,15.8,51,65.87158447233207,131.56579727529683,27.89853645764364,43.89837417273096,44.64257156142649,15,2,140,33.4782765656206
2026-09-12 16:00:00,26.889278,75.83149,30.5,63,0.2,0.2,15.9,51,77.36016330887367,143.00014152353123,39.051000249622206,47.18359530851803,51.54900843867343,15,2,182,31.39901097435146
2026-09-12 17:00:00,26.889278,75.83149,29.8,70,0.0,0.0,13.5,2,53.84858714501263,103.14139499718284,36.06270715244175,49.11838682105781,44.46037304548421,1,1,61,17.396446894818123
2026-09-12 18:00:00,26.889278,75.83149,28.6,77,0.0,0.0,10.6,1,46.57361204611036,90.83356811964934,30.047740402594105,38.17419318510219,39.2781891423515,8,2,166,46.93859757271211
2026-09-12 19:00:00,26.889278,75.83149,28.1,80,0.0,0.0,9.3,1,38.29341658751199,68.9205552607033,30.26980325553944,41.10361360894309,45.313872088506194,15,0,0,50.727964077614
2026-09-12 20:00:00,26.889278,75.83149,27.8,82,0.0,0.0,9.3,0,61.55264707339615,120.1854920653881,30.28099468590497,30.94419518790563,32.78619082589409,13,1,48,40.15427884302826
2026-09-12 21:00:00,26.889278,75.83149,27.5,83,0.0,0.0,9.3,0,33.42535610761309,59.34879322992135,24.07606463326257,23.33623472464513,43.99797868874892,8,0,0,29.35171023466601
2026-09-12 22:00:00,26.889278,75.83149,27.3,83,0.0,0.0,10.9,0,40.05026683541349,66.57890548346232,21.203883084778447,40.00533196413006,32.598374973333954,9,0,0,24.42183895505328
2026-09-12 23:00:00,26.889278,75.83149,27.7,77,0.0,0.0,12.6,0,56.63119640981165,99.6575473974471,25.73700096005945,44.29710023251107,45.16975462880525,14,2,110,24.445699056103308
2026-09-13 00:00:00,26.889278,75.83149,27.1,79,0.0,0.0,10.7,0,56.22321229928989,88.86377778161959,30.56824938428148,43.97554502619528,50.10623839640906,11,1,48,70.36064547549063
2026-09-13 01:00:00,26.889278,75.83149,26.6,81,0.0,0.0,9.2,0,51.89422841062732,103.06697836775392,22.787927002264738,47.83245518367912,49.52464375604696,9,1,57,49.06757452349966
2026-09-13 02:00:00,26.889278,75.83149,26.3,83,0.0,0.0,9.4,0,67.76064638966407,107.10049607952804,27.31249342590506,49.089335387314506,44.041708743887554,13,1,76,22.398348821249925
2026-09-13 03:00:00,26.889278,75.83149,26.1,84,0.0,0.0,10.0,2,40.079069820241855,66.79028732728361,29.42070878400914,47.31964466379505,26.144041174564627,14,1,46,37.47046741155711
2026-09-13 04:00:00,26.889278,75.83149,26.0,85,0.0,0.0,10.6,1,40.71005238377722,63.61073155915753,21.600615803859466,46.96305246503106,41.71593433755332,13,0,0,29.561974623509563
2026-09-13 05:00:00,26.889278,75.83149,26.4,85,0.0,0.0,11.7,1,49.979700877189146,95.69394064527336,37.84310273010019,41.924384786092425,53.99144862484605,10,0,0,43.75700564234436
2026-09-13 06:00:00,26.889278,75.83149,26.2,87,0.0,0.0,11.9,0,55.78169566494828,104.41482782695776,39.74360174556903,33.76150613743211,40.72143421512044,10,2,174,43.152486541840126
2026-09-13 07:00:00,26.889278,75.83149,26.9,83,0.0,0.0,11.8,0,50.94680824814378,97.95594181990155,30.750361655348264,19.62904654505146,48.88106927417306,10,2,170,51.25414480858207
2026-09-13 08:00:00,26.889278,75.83149,27.8,78,0.0,0.0,14.1,0,78.91232155951718,154.79087374877858,21.47733217030661,41.54228987159881,40.46080649479077,4,1,29,22.241653120067067
2026-09-13 09:00:00,26.889278,75.83149,29.1,69,0.0,0.0,13.9,0,47.75350085836399,90.31522608062444,13.247636514044498,53.28588269123048,56.17984665299512,16,0,0,36.57102947957196
2026-09-13 10:00:00,26.889278,75.83149,30.1,64,0.0,0.0,14.2,0,62.62413283177776,112.75188388387498,8.602724703562473,44.4171002654258,30.39288063140048,11,3,279,8.771795225637106
2026-09-13 11:00:00,26.889278,75.83149,31.4,58,0.0,0.0,14.2,0,47.963217454187685,88.65846495763591,38.77300825946179,59.210541392349896,41.49648835018026,13,0,0,16.13989549356733
2026-09-13 12:00:00,26.889278,75.83149,31.8,56,0.0,0.0,15.0,0,58.84840914181198,113.28285147921072,30.888502841003618,46.92965930010855,42.45461715597128,11,4,128,48.26151254838769
2026-09-13 13:00:00,26.889278,75.83149,32.3,53,0.0,0.0,15.6,0,49.68532152152931,78.48269481014385,24.32587227218262,20.19793910955408,48.68507630599922,12,0,0,20.739743128920097
2026-09-13 14:00:00,26.889278,75.83149,32.3,52,0.2,0.2,16.5,51,48.68368286157136,78.62657391755909,16.964006622867025,51.27483310929048,44.32537694419232,11,0,0,24.38636802928217
2026-09-13 15:00:00,26.889278,75.83149,31.6,57,0.2,0.2,15.6,51,72.88392776549321,130.4408019639923,27.73888014233309,31.753546783240235,45.21471736736265,16,2,142,36.87582888174926
2026-09-13 16:00:00,26.889278,75.83149,31.1,59,0.0,0.0,14.9,0,50.95565506058881,88.53258717400774,36.82481129841468,40.11795844127349,29.07352621577747,18,0,0,45.42141546269809
2026-09-13 17:00:00,26.889278,75.83149,30.8,59,0.0,0.0,14.5,0,75.60565123120857,148.71330142393606,31.745559261289383,37.05821060368399,58.97774660435739,15,1,34,19.08759806248856
2026-09-13 18:00:00,26.889278,75.83149,29.9,63,0.0,0.0,12.5,0,46.12566896875079,76.81803607056895,20.63964489557992,40.81991202849871,46.45297461515345,15,0,0,5.0
2026-09-13 19:00:00,26.889278,75.83149,29.1,67,0.0,0.0,11.6,0,49.374450027321686,75.76045773039517,53.931990934198495,57.6109274071684,40.61890551072122,14,2,54,21.946651367847323
2026-09-13 20:00:00,26.889278,75.83149,28.3,71,0.0,0.0,11.6,0,68.31332553362463,112.20999654452751,33.52527114005263,53.395718612682,54.7541515367749,9,0,0,53.08442116929256
2026-09-13 21:00:00,26.889278,75.83149,27.8,75,0.0,0.0,12.3,0,25.244047238451262,40.11661954627687,18.81931410481852,27.90367862809812,37.23609390545386,10,1,48,40.14702576525311
2026-09-13 22:00:00,26.889278,75.83149,27.6,75,0.0,0.0,12.2,2,34.91374166650201,59.78571035124848,32.36404792702049,45.92030416780518,47.49654631780752,14,0,0,54.8581220568082
2026-09-13 23:00:00,26.889278,75.83149,27.9,75,0.0,0.0,11.4,2,55.215646810461,85.74702222070077,32.53087065681038,34.687505264880926,52.07535655104968,14,3,261,18.022757868009563
2026-09-14 00:00:00,26.889278,75.83149,27.5,76,0.0,0.0,11.6,3,60.72283073480946,109.97156883106616,35.22655711038677,54.56577351874032,50.49311378351412,8,1,95,10.409055985039156
2026-09-14 01:00:00,26.889278,75.83149,26.9,79,0.0,0.0,11.1,3,61.874493371824,104.80862646739118,32.255144693779684,57.84344189126226,46.80800903721018,8,0,0,41.93822828971311
2026-09-14 02:00:00,26.889278,75.83149,26.5,82,0.0,0.0,11.0,2,51.08761944070041,82.47373508338335,19.096506973358217,38.36613617156296,44.48140318159417,12,0,0,38.60034106527569
2026-09-14 03:00:00,26.889278,75.83149,26.1,85,0.0,0.0,11.0,2,37.65654338403779,73.1945551368588,32.43009042860631,52.34707447758224,38.05488890955424,11,0,0,39.58331480565887
2026-09-14 04:00:00,26.889278,75.83149,25.7,87,0.0,0.0,10.9,2,65.01328270621974,129.6488383529027,22.674104912045813,53.48133996631689,47.465869183116,10,2,110,48.99494963975852
2026-09-14 05:00:00,26.889278,75.83149,26.0,86,0.0,0.0,13.1,1,60.35612108700198,111.21503692068522,30.406460657363624,50.537220156175664,36.1357743768863,10,2,110,41.3252738586839
2026-09-14 06:00:00,26.889278,75.83149,25.6,86,0.0,0.0,12.3,1,41.30375634919615,64.16307840131067,28.93531643861147,54.32278021516144,52.55284234206723,13,1,45,41.084263897105686
2026-09-14 07:00:00,26.889278,75.83149,26.2,83,0.0,0.0,12.4,2,56.03391724012028,98.7947323614558,34.852966482126305,42.13189377546576,51.17363982936194,12,0,0,45.72510520701711
2026-09-14 08:00:00,26.889278,75.83149,27.1,80,0.0,0.0,13.0,3,76.85496992398087,142.1746058519544,31.25484043576283,47.08427929308506,45.26340588067063,11,1,46,42.53624948280541
2026-09-14 09:00:00,26.889278,75.83149,28.4,73,0.0,0.0,15.2,3,56.486117365839085,97.94423488898278,26.699641465692466,43.15820758019542,31.744753807253147,17,0,0,47.86168897576108
2026-09-14 10:00:00,26.889278,75.83149,29.6,67,0.1,0.1,16.2,51,39.763329974241145,62.99708506020119,51.10114651981348,44.425149347716655,49.20182901965082,8,1,39,51.12781237167873
2026-09-14 11:00:00,26.889278,75.83149,31.1,60,0.5,0.5,16.4,53,45.803465818321015,76.65108223742627,26.677931570543088,43.51609945508654,47.156618271409,19,4,120,62.97533201861373
2026-09-14 12:00:00,26.889278,75.83149,29.7,66,1.1,1.1,18.8,55,41.7073716317133,81.22779790293589,26.45693137896193,22.54705498038356,32.11036515357108,18,2,186,36.26213012644481
2026-09-14 13:00:00,26.889278,75.83149,30.4,64,0.3,0.3,13.9,51,56.72529741443372,86.25111120246164,33.20151594278225,41.64793203655793,40.79740331847712,15,4,228,45.20843161116121
2026-09-14 14:00:00,26.889278,75.83149,31.0,64,0.0,0.0,14.1,0,65.96445463114388,100.6509703508844,33.46235042155959,53.971504351519066,46.2421483085168,9,0,0,29.44514947104055
2026-09-14 15:00:00,26.889278,75.83149,31.3,63,0.0,0.0,13.3,3,43.59782662254899,80.60351720249825,37.55283547252251,30.22592957650696,50.13249184529303,12,1,91,22.496615190811
2026-09-14 16:00:00,26.889278,75.83149,29.0,72,0.3,0.3,14.1,51,44.6425653958239,85.46800087831933,17.590425490026373,38.01147581803205,41.11442950013768,15,0,0,27.65689518379451
2026-09-14 17:00:00,26.889278,75.83149,29.9,69,0.3,0.3,10.7,51,64.96855409040069,117.49686197623072,24.886622250840546,13.035037498016033,37.913606395524766,8,0,0,45.42433276342288
2026-09-14 18:00:00,26.889278,75.83149,28.9,71,0.1,0.1,9.7,51,63.16901883107244,123.21229881443575,38.53464545553528,45.81477484470648,41.08612624739723,14,2,130,42.27378832179001
2026-09-14 19:00:00,26.889278,75.83149,28.1,77,0.2,0.2,7.0,51,69.8741096642749,122.75997167518862,31.70305494756391,43.09418665838224,37.37086841773748,19,1,31,43.00618043857655
2026-09-14 20:00:00,26.889278,75.83149,27.7,79,0.0,0.0,5.8,2,37.16743036331377,67.83487856406578,31.846476007753854,50.84423176468805,57.546179876477055,10,2,64,31.614295286460003
2026-09-14 21:00:00,26.889278,75.83149,27.3,81,0.0,0.0,7.1,1,43.30162395957704,74.29342196877661,17.786146041921697,57.07671631109415,57.98032424151011,14,2,162,35.051221267676155
2026-09-14 22:00:00,26.889278,75.83149,26.9,84,0.0,0.0,7.3,1,67.210855203965,127.42171094413742,17.672898484303275,33.531441602975946,30.857110622576453,18,2,158,47.26629043814074
2026-09-14 23:00:00,26.889278,75.83149,26.7,85,0.0,0.0,6.3,3,43.37255912163505,65.82131237256269,22.626081237417377,34.81542018135603,42.38272586447767,12,0,0,12.659104105260408
2026-09-15 00:00:00,26.889278,75.83149,26.1,88,0.0,0.0,5.2,3,58.912354954025176,99.90021880801758,31.250613915498725,47.10288385412489,56.03605586140926,9,4,380,35.369631476428765
2026-09-15 01:00:00,26.889278,75.83149,25.8,90,0.0,0.0,4.4,2,54.29525438110775,91.2734179445337,35.81080037248574,36.788085041269866,54.905045139612255,11,2,174,36.34934222190185
2026-09-15 02:00:00,26.889278,75.83149,25.7,88,0.1,0.1,5.0,51,45.04951277924428,70.03134693185804,36.73842417459107,48.0169005868577,58.3450270805382,13,3,72,47.29956403616474
2026-09-15 03:00:00,26.889278,75.83149,25.4,90,0.0,0.0,5.2,1,72.84321582077018,126.67324604955712,13.88644786135779,24.88235757162988,53.892947980309565,9,1,56,14.746273820857624
2026-09-15 04:00:00,26.889278,75.83149,25.0,93,0.0,0.0,4.9,0,54.77843234493287,102.56421404619358,28.81411711613592,38.62466784632276,48.34600756196109,13,1,91,57.427006182761176
2026-09-15 05:00:00,26.889278,75.83149,24.5,97,0.0,0.0,5.5,0,48.7674686665123,76.77094479242314,29.98569328546161,30.509138766488324,47.24865175259535,13,1,50,38.20445636642765
2026-09-15 06:00:00,26.889278,75.83149,24.5,96,0.0,0.0,3.6,0,53.00725826195908,105.8706320809091,25.970712347480745,25.77068304070925,54.85101145691818,10,0,0,38.99870820042405
2026-09-15 07:00:00,26.889278,75.83149,25.4,90,0.0,0.0,5.2,1,57.98420276142018,92.77479063880888,26.11566287407113,42.3809568810839,48.25240577757744,11,1,70,28.979303640016603
2026-09-15 08:00:00,26.889278,75.83149,26.9,80,0.0,0.0,7.2,1,35.728035341215474,69.6789512934474,20.57270129929315,29.85026423689965,33.623287049659865,10,0,0,43.070335321952655
2026-09-15 09:00:00,26.889278,75.83149,28.5,71,0.0,0.0,9.1,1,44.41069218827647,67.04463636031632,26.366421119362144,34.828106825401974,46.16910861825232,12,1,97,35.719310754246585
2026-09-15 10:00:00,26.889278,75.83149,29.6,68,0.3,0.3,10.0,51,36.92294126785833,64.80585509498586,9.902598982015204,35.53766548316363,31.18762643284599,12,0,0,56.13472916159699
2026-09-15 11:00:00,26.889278,75.83149,30.8,62,0.1,0.1,10.0,51,28.467182298543914,43.57635547090564,39.78194076387275,11.952492070373475,50.36816310100064,10,2,120,14.377586279045772
2026-09-15 12:00:00,26.889278,75.83149,30.9,64,0.3,0.3,7.4,51,64.48765492584161,106.21768601521975,30.918928569970152,46.916147606000585,45.95192613595329,12,1,30,40.63318744835762
2026-09-15 13:00:00,26.889278,75.83149,30.9,64,0.2,0.2,8.5,51,70.86656209605201,134.84596942002253,41.35760265674541,43.29106364284259,43.15296932793895,13,0,0,43.1276852256614
2026-09-15 14:00:00,26.889278,75.83149,31.2,63,0.1,0.1,8.2,51,68.67562224349335,123.94464416091374,22.576085760587013,41.97600462930489,46.516099153696246,9,1,20,33.204414084553626
2026-09-15 15:00:00,26.889278,75.83149,31.4,61,0.0,0.0,8.2,1,33.3344466349549,64.84483243052532,15.11995830317852,36.70604721788669,33.054043572289075,16,3,195,28.930012650394307
2026-09-15 16:00:00,26.889278,75.83149,31.0,62,0.0,0.0,6.2,1,59.82460452955236,104.34741279919754,44.0024360505788,53.83728076633175,41.522599713119305,14,0,0,29.55564081546939
2026-09-15 17:00:00,26.889278,75.83149,29.8,67,0.1,0.1,8.5,51,62.44952377925768,97.07395833291451,11.45628210181967,43.21090343043847,40.41891130576819,13,1,55,38.61958904051742
2026-09-15 18:00:00,26.889278,75.83149,29.0,71,0.3,0.3,5.2,51,45.59148397774639,70.13771976586845,19.168613236099365,29.41307225350686,44.25561833735306,11,1,73,10.850616485289413
2026-09-15 19:00:00,26.889278,75.83149,28.5,76,0.0,0.0,1.9,1,64.92614563472036,114.55832524890572,35.5028528308283,43.95953265650327,43.59945939567666,7,0,0,49.475224415948446
2026-09-15 20:00:00,26.889278,75.83149,28.1,81,0.0,0.0,3.1,1,41.325767905175326,80.96786201237829,40.8637901707854,51.57182622399956,46.31132027539572,14,3,60,27.79802198456224
2026-09-15 21:00:00,26.889278,75.83149,27.7,84,0.0,0.0,2.5,0,41.83494645280894,83.36770753408675,23.61548535772964,39.02898393190604,46.6393963842325,19,0,0,36.91704046050174
2026-09-15 22:00:00,26.889278,75.83149,27.3,84,0.0,0.0,5.2,0,44.7776154257254,83.99278220654423,27.531877766172283,39.5312262734905,35.3519895393238,10,0,0,40.50653400182101
2026-09-15 23:00:00,26.889278,75.83149,27.8,79,0.0,0.0,8.0,0,46.14397874152318,70.82708750754551,27.117107893368843,44.73374093305897,36.45487632175973,16,0,0,27.112919190305647
2026-09-16 00:00:00,26.889278,75.83149,27.3,79,0.0,0.0,7.8,0,42.642627090384046,67.68480990118246,33.66627907706641,47.77146503016804,52.92633612407863,12,2,118,33.03442389501506
2026-09-16 01:00:00,26.889278,75.83149,27.0,80,0.0,0.0,8.6,0,66.66789195812582,121.0953654514064,21.99952735944649,44.72957929370432,39.12158288027386,12,0,0,5.0
2026-09-16 02:00:00,26.889278,75.83149,26.6,81,0.0,0.0,7.9,0,41.88775608843324,75.1552833923396,34.249511493797954,36.79318440448979,43.86363631150006,9,3,120,45.98185410999608
2026-09-16 03:00:00,26.889278,75.83149,26.3,82,0.0,0.0,8.5,0,49.27354522912883,96.34146490567343,36.63250278741778,46.796029323319765,50.63558097095182,5,1,66,51.20103500483247
2026-09-16 04:00:00,26.889278,75.83149,25.9,84,0.0,0.0,8.1,0,47.17265530883482,82.13454273430098,28.50060325173513,38.07390050225448,42.708814728219366,13,0,0,9.485096720918698
2026-09-16 05:00:00,26.889278,75.83149,26.0,83,0.0,0.0,7.3,0,81.754408663508,133.93168197547098,30.14113429591204,37.52601467541664,60.20576431737543,14,1,72,28.902606849556072
2026-09-16 06:00:00,26.889278,75.83149,25.7,85,0.0,0.0,6.5,0,43.99540086226392,68.63347634160958,48.251757933061015,52.32853297480278,38.60967490712327,15,0,0,16.55195932638778
2026-09-16 07:00:00,26.889278,75.83149,26.6,81,0.0,0.0,6.5,0,60.68863408591968,113.85192051849285,31.946113058788328,36.98161503993449,40.75243691934802,11,0,0,32.33389517768891
2026-09-16 08:00:00,26.889278,75.83149,28.1,74,0.0,0.0,7.8,0,77.08164254872993,150.5660521019661,26.02850439839012,31.94585387506056,30.88921105799129,12,0,0,44.72954502081441
2026-09-16 09:00:00,26.889278,75.83149,29.6,68,0.0,0.0,8.1,0,40.528492516293625,75.5557629814174,38.30416341926352,45.52169748163293,50.90087991887344,10,2,152,49.80963348884938
2026-09-16 10:00:00,26.889278,75.83149,31.0,62,0.0,0.0,7.6,0,44.822023567926486,70.84689618315889,39.36580058424968,30.89725409746011,42.29916170924547,10,0,0,51.82779784140273
2026-09-16 11:00:00,26.889278,75.83149,32.8,54,0.1,0.1,6.0,51,50.12411842707046,90.65420222813673,23.707644790748347,51.5173020137769,48.81833763263971,17,1,60,55.65815737038319
2026-09-16 12:00:00,26.889278,75.83149,33.3,52,0.2,0.2,5.2,51,37.2340962319713,72.59269672746491,21.505169009868887,41.06222834321823,47.60797925194157,10,0,0,33.66380832316651
2026-09-16 13:00:00,26.889278,75.83149,33.5,52,0.1,0.1,4.3,51,69.03834689437143,120.06174026921332,41.35350419215799,50.33518242247922,61.58886227796334,13,1,82,18.79562056899841
2026-09-16 14:00:00,26.889278,75.83149,33.7,51,0.0,0.0,5.2,2,49.173172475019975,74.72070276900675,39.47903347175863,40.21292274953706,48.88960678321616,11,2,88,33.28114549538047
2026-09-16 15:00:00,26.889278,75.83149,33.7,50,0.0,0.0,5.3,3,67.72405076303112,110.77930339103384,40.30177191675159,29.96103151737629,42.13946999778536,8,1,94,44.49901253455364
2026-09-16 16:00:00,26.889278,75.83149,33.0,51,0.0,0.0,5.6,3,61.41262487786669,112.33228062412748,43.06694316641509,11.7698851673115,41.834440370434976,11,2,114,16.59110328618714
2026-09-16 17:00:00,26.889278,75.83149,32.8,51,0.2,0.2,5.4,51,53.611487220117326,83.78749831487495,20.225385972538184,30.815515286068013,49.592595336829824,5,0,0,61.90205430172363
2026-09-16 18:00:00,26.889278,75.83149,31.0,63,0.2,0.2,7.7,51,64.97479850773409,108.83067696086556,16.28026438999934,51.29518687571584,30.701223782404387,12,0,0,50.468328081405126
2026-09-16 19:00:00,26.889278,75.83149,30.3,64,0.1,0.1,8.3,51,50.480936240982494,100.45835033247424,37.827580280211656,35.103533952592294,41.00836150096568,6,1,53,32.90149247353007
2026-09-16 20:00:00,26.889278,75.83149,29.8,64,0.0,0.0,6.7,0,67.73283512520187,106.012935780124,37.35677039677359,48.69145710494524,34.266952987599375,15,2,72,24.33692104383138
2026-09-16 21:00:00,26.889278,75.83149,29.4,65,0.0,0.0,8.1,0,39.064221062535935,67.12000702962573,30.99354814722584,50.73224916038788,38.255201322755006,16,1,62,24.96318378331036
2026-09-16 22:00:00,26.889278,75.83149,28.8,68,0.0,0.0,8.3,1,45.94586584382477,83.82620704434406,35.609629870129794,23.22694553037796,53.39951125001211,13,1,78,36.11309320700233
2026-09-16 23:00:00,26.889278,75.83149,28.4,71,0.0,0.0,9.2,1,69.56718154124192,111.73394386061906,23.48073041671961,35.586175998485004,38.63876886243266,14,1,70,31.558960959044715
2026-09-17 00:00:00,26.889278,75.83149,27.9,72,0.0,0.0,10.8,1,29.61190715448821,56.40483274932735,21.38577580237029,38.42828811832565,41.8506026377422,7,2,146,49.25754132923937
2026-09-17 01:00:00,26.889278,75.83149,27.5,73,0.0,0.0,11.3,2,60.71582240616649,96.30404286775456,28.79441353440172,54.245999954547656,50.87300159669154,11,0,0,29.855362575460564
2026-09-17 02:00:00,26.889278,75.83149,27.3,74,0.0,0.0,11.0,1,49.99958131494628,89.9575189170576,33.103887118113754,55.59620876424556,34.2314663178155,10,0,0,42.582527159172365
2026-09-17 03:00:00,26.889278,75.83149,26.8,76,0.0,0.0,10.3,0,48.37101639016216,73.46433625749387,34.68983036113457,32.50069020802839,45.82030361156045,12,0,0,34.56612673737695
2026-09-17 04:00:00,26.889278,75.83149,26.5,78,0.0,0.0,9.1,0,46.54008448168041,93.07288872758302,28.76493785148257,46.41131848655176,36.61124107662468,11,0,0,39.04504036095607
2026-09-17 05:00:00,26.889278,75.83149,26.6,77,0.0,0.0,11.6,0,70.48913112922972,124.31139752081847,34.564171467365455,43.16065828713262,46.39799433290657,6,1,89,31.54915346605426
2026-09-17 06:00:00,26.889278,75.83149,26.4,78,0.0,0.0,8.5,2,36.54518840303428,59.18242723606088,39.5289413384473,28.74576182679728,41.849887470480425,11,0,0,45.61573311874431
2026-09-17 07:00:00,26.889278,75.83149,27.2,75,0.0,0.0,7.0,2,65.0221960539776,101.93113375323662,33.58304968796755,50.81106325627092,52.07385363861768,12,1,68,45.83810120435116
2026-09-17 08:00:00,26.889278,75.83149,28.2,69,0.0,0.0,7.7,3,60.72584241813439,92.32237201453664,25.71247868270453,56.822513832146456,44.42374589981733,21,1,48,41.898935387332166
2026-09-17 09:00:00,26.889278,75.83149,29.6,61,0.0,0.0,5.8,3,49.84287139716839,81.41473961346571,43.390367560304966,29.270647607214208,48.29605367359397,13,0,0,44.11271490724256
2026-09-17 10:00:00,26.889278,75.83149,29.9,58,0.0,0.0,5.0,3,53.93515824887805,103.61861195251132,20.214744494404364,46.34126342518846,55.10660421224151,10,3,123,20.83446833685421
2026-09-17 11:00:00,26.889278,75.83149,32.7,44,0.0,0.0,2.5,0,63.48381888704804,103.11132432132098,31.32698442516713,32.85203051980915,44.483688519741634,6,1,45,39.84868644363469
2026-09-17 12:00:00,26.889278,75.83149,33.7,42,0.0,0.0,4.9,1,47.82600995694261,94.20489397592674,45.1227251330084,50.440309170527,54.39346521031365,7,0,0,53.738026512313
2026-09-17 13:00:00,26.889278,75.83149,33.8,43,0.1,0.1,4.1,51,35.94034436421869,71.74358773400498,49.594503948608576,50.78841640714927,49.54375965300029,11,3,204,43.37106850529246
2026-09-17 14:00:00,26.889278,75.83149,32.1,47,0.0,0.0,4.1,3,58.38421833878027,104.33572618565918,42.772851064657786,36.26923784641525,51.529905431299866,14,1,90,19.53923745797715
2026-09-17 15:00:00,26.889278,75.83149,25.2,90,2.9,2.9,2.1,63,21.639914487545543,33.72303261755477,26.23908568962973,37.93467642431774,25.51800050428141,22,5,340,63.25350235526373
2026-09-17 16:00:00,26.889278,75.83149,25.2,91,1.8,1.8,1.5,61,35.6430430973282,59.53390921993938,15.41428663324812,55.87030750510476,37.56506828222693,18,5,195,58.62466907509563
2026-09-17 17:00:00,26.889278,75.83149,24.4,91,1.9,1.9,5.8,61,40.43001102420443,74.87472557461805,25.878723514172115,37.76707759516617,36.62545570106536,21,5,410,42.63900724652537
2026-09-17 18:00:00,26.889278,75.83149,23.9,93,1.0,1.0,3.0,55,55.84709142301594,94.19008988893268,29.37599189133231,50.42381733234892,45.29066249544932,15,5,400,24.62593204914971
2026-09-17 19:00:00,26.889278,75.83149,23.9,96,1.2,1.2,5.3,55,67.1999951948233,122.6497699212184,30.773422451086564,22.213636551369824,46.98165597169344,17,3,204,42.258531973452094
2026-09-17 20:00:00,26.889278,75.83149,23.6,92,1.8,1.8,8.2,61,44.7106581316107,82.49896656875757,21.62646936328637,24.84816646770921,43.182140220086886,20,3,270,41.88751388048446
2026-09-17 21:00:00,26.889278,75.83149,23.3,91,0.0,0.0,7.4,0,56.3814983066413,89.34525027722357,25.611518610333555,50.29008295216405,49.51931137467908,13,1,20,34.785664529150466
2026-09-17 22:00:00,26.889278,75.83149,23.0,93,0.0,0.0,2.6,0,64.83407842680381,106.78924708666428,31.63971667378183,42.00615423394442,41.40949615720656,8,0,0,11.128930287555676
2026-09-17 23:00:00,26.889278,75.83149,22.9,88,0.0,0.0,4.4,3,58.4291400106215,106.81564036258304,30.40073017495052,36.47904627314137,41.847124751419706,9,3,210,43.47051593804234
2026-09-18 00:00:00,26.889278,75.83149,23.0,89,0.0,0.0,4.2,3,34.70575517894313,60.92646534785218,40.34592611497315,28.35338521743416,48.64262808803237,8,1,75,25.480924470599646
2026-09-18 01:00:00,26.889278,75.83149,22.8,89,0.0,0.0,7.2,0,47.76592157730323,83.73265906454715,34.56196610917853,41.494581071995626,37.11665231514338,14,0,0,49.93628355022034
2026-09-18 02:00:00,26.889278,75.83149,22.1,94,0.0,0.0,6.0,0,40.12386208444353,62.607372993155685,34.73203283856432,25.853168319880627,42.788953049328086,14,3,153,30.846517403054328
2026-09-18 03:00:00,26.889278,75.83149,21.8,95,0.0,0.0,5.2,1,63.35937281608872,123.65345027534131,25.615246820427497,37.54026713003242,44.41651369046408,14,0,0,34.61916430423269
2026-09-18 04:00:00,26.889278,75.83149,21.7,96,0.0,0.0,2.1,0,70.28051794575936,106.4469818009268,30.58029230318976,45.77745465457995,48.36433742703045,12,1,48,32.40447681954623
2026-09-18 05:00:00,26.889278,75.83149,23.1,93,0.0,0.0,3.6,0,59.27450280906212,111.17369427519932,14.276985159036888,36.26034046874008,49.147197315952965,11,1,68,24.67760464849591
2026-09-18 06:00:00,26.889278,75.83149,22.4,95,0.0,0.0,2.6,0,42.621532854474,70.15075199011387,26.653971746183345,23.189236497124185,37.02802929390505,14,1,64,72.0841919340899
2026-09-18 07:00:00,26.889278,75.83149,23.6,89,0.0,0.0,2.2,0,64.61395180518619,121.8042817077707,17.12970564897137,22.14922173505465,49.73977530716866,20,0,0,27.56200732989073
2026-09-18 08:00:00,26.889278,75.83149,25.6,78,0.0,0.0,1.0,2,43.43732253162695,71.96073828761025,31.12155040392061,34.28482455908443,31.83940544964047,16,0,0,50.3528228369849
2026-09-18 09:00:00,26.889278,75.83149,26.8,72,0.0,0.0,3.6,3,58.03993954525668,110.39727974690824,34.397400808454535,16.313143232463183,40.63292770928087,7,2,118,18.59556580904908
2026-09-18 10:00:00,26.889278,75.83149,28.3,62,0.0,0.0,4.0,3,40.60163602436717,73.46929637840823,30.967812202455235,46.69036617358797,51.54635782830898,9,0,0,40.58197086639741
2026-09-18 11:00:00,26.889278,75.83149,30.0,49,0.0,0.0,2.4,3,38.35458573169137,75.99226587121424,42.20626724086513,31.620202594893684,43.02680668858999,10,1,37,42.18308245897754
2026-09-18 12:00:00,26.889278,75.83149,30.8,46,0.1,0.1,5.6,51,37.346679954553,69.3786782870351,24.51209513567773,32.40111758143432,47.578166166423536,10,2,40,35.637345343528054
2026-09-18 13:00:00,26.889278,75.83149,30.1,50,0.1,0.1,8.9,51,54.40737427071926,106.01992021363014,29.18739528514397,35.04980691697686,62.08362804894668,12,0,0,27.4349292054064
2026-09-18 14:00:00,26.889278,75.83149,30.0,52,0.0,0.0,7.9,3,47.05780630222203,78.8766418170118,25.49613514599943,30.92093152102984,43.61596398672252,12,2,132,31.05017146079054
2026-09-18 15:00:00,26.889278,75.83149,29.8,53,0.0,0.0,7.0,3,60.23714533045757,111.50140524773026,27.36846451030856,52.02645807698784,43.79564589867168,11,4,340,28.9506574704032
2026-09-18 16:00:00,26.889278,75.83149,29.6,53,0.0,0.0,6.5,1,39.40791104705215,72.64963707312496,40.59746693807527,32.00288634119434,30.46627442734613,13,0,0,71.03039422753184
2026-09-18 17:00:00,26.889278,75.83149,28.3,61,0.0,0.0,4.1,1,60.88306217324819,97.61041371483752,18.84436135772464,26.454394152141496,47.428072374062175,11,2,140,34.660953658327706
2026-09-18 18:00:00,26.889278,75.83149,27.5,69,0.0,0.0,1.0,0,47.56922769872202,89.54721363241204,43.25428921026928,49.34806668464262,55.04554727067951,14,1,82,42.87333167995926
2026-09-18 19:00:00,26.889278,75.83149,27.0,69,0.0,0.0,1.9,0,70.03102670105976,124.07905714399972,40.91033996067982,31.59542486723533,46.49863541811002,14,1,23,61.7243763563805
2026-09-18 20:00:00,26.889278,75.83149,26.4,73,0.0,0.0,2.7,0,67.23685035913618,131.68475351136448,34.71871287261677,53.66791488533853,45.67315171497912,12,1,20,21.85521998038728
2026-09-18 21:00:00,26.889278,75.83149,26.1,75,0.0,0.0,1.7,0,52.4049012548813,91.98734196217583,27.16404700427632,45.98321289288605,65.0,13,0,0,35.56490349751907
2026-09-18 22:00:00,26.889278,75.83149,25.6,77,0.0,0.0,3.3,0,56.29936898369297,108.9060683024164,31.918167042872145,34.413682521872914,46.25136664558986,7,0,0,30.96220802477917
2026-09-18 23:00:00,26.889278,75.83149,26.3,74,0.0,0.0,4.8,0,57.92319446500792,95.8576184504914,26.767285500199268,39.79755199793714,46.23557670743599,14,2,148,33.70792331774954
2026-09-19 00:00:00,26.889278,75.83149,25.3,79,0.0,0.0,4.6,0,60.56508225480125,101.5214117273238,41.80983042538133,28.54263629189976,45.87639489144531,18,1,22,32.31482049323772
2026-09-19 01:00:00,26.889278,75.83149,24.9,82,0.0,0.0,4.5,0,51.709277360908224,91.94541997213356,20.9111793602259,27.512451741392265,38.01689773843162,10,0,0,24.021843715546744
2026-09-19 02:00:00,26.889278,75.83149,24.6,84,0.0,0.0,5.0,0,68.14777426844827,104.63798046030333,22.12694686924433,50.0623832568435,50.411249142519424,14,1,29,37.93115427494949
2026-09-19 03:00:00,26.889278,75.83149,24.3,85,0.0,0.0,4.8,0,48.89860690210787,84.03739006993246,30.28720115682273,35.330425733752264,54.14952027051768,13,1,93,19.06050833875848
2026-09-19 04:00:00,26.889278,75.83149,24.0,87,0.0,0.0,4.3,0,31.89838201894953,62.0716724564526,9.85575843244668,37.20906035147316,52.76119552267849,10,1,53,49.83324105963527
2026-09-19 05:00:00,26.889278,75.83149,23.9,89,0.0,0.0,2.9,0,57.956322462485545,106.00489552929352,41.79064047536237,34.12208129242957,51.02600474134447,9,3,222,44.34964709981906
2026-09-19 06:00:00,26.889278,75.83149,23.6,89,0.0,0.0,4.8,0,53.69930040216803,105.65558742738617,27.392807474287867,40.28059915759891,39.94814316099127,12,2,102,27.598057754539763
2026-09-19 07:00:00,26.889278,75.83149,25.1,82,0.0,0.0,5.2,0,64.98902799775142,127.40961556285386,36.08051910024693,36.15254656677013,41.83214659999699,12,2,138,28.325250179392107
2026-09-19 08:00:00,26.889278,75.83149,27.6,68,0.0,0.0,4.4,0,62.15195724056911,96.4468549842663,31.40431118370789,39.729588308219526,64.85220996805623,11,1,26,39.1326584352238
2026-09-19 09:00:00,26.889278,75.83149,29.4,55,0.0,0.0,4.7,0,56.55383069834463,92.0982649080194,15.79842688844326,39.764868174457135,36.4749722238916,6,1,27,23.021820265907262
2026-09-19 10:00:00,26.889278,75.83149,30.7,50,0.0,0.0,4.9,0,56.28743671745907,105.21723118106118,30.336148803833403,52.654600695473874,35.40570465122258,10,0,0,62.17970186202307
2026-09-19 11:00:00,26.889278,75.83149,32.0,46,0.0,0.0,5.2,0,56.5205941996846,97.3777061963357,33.370172247997886,34.594197008282045,44.82985605222238,13,3,228,40.36888593037653
2026-09-19 12:00:00,26.889278,75.83149,32.5,42,0.0,0.0,6.2,0,47.08873864134692,89.27769319522211,20.412722833200093,38.47888133243863,34.57613034525653,15,0,0,40.898947270755166
2026-09-19 13:00:00,26.889278,75.83149,33.0,40,0.0,0.0,6.8,1,40.390694957401934,70.27643528677616,21.83864896179452,40.81895868579353,36.4428983283432,11,0,0,45.22167620535929
2026-09-19 14:00:00,26.889278,75.83149,33.3,38,0.0,0.0,6.5,1,45.148954430567024,72.12150169458813,21.48118360964723,30.26688335404321,34.78491882693373,10,1,91,26.308050888948948
2026-09-19 15:00:00,26.889278,75.83149,33.3,35,0.0,0.0,9.1,0,53.904114214620485,88.54070477706395,36.22289345960491,44.55057730935186,36.83359415011031,10,1,73,51.3351497267716
2026-09-19 16:00:00,26.889278,75.83149,32.8,35,0.1,0.1,9.8,51,27.01565000913674,48.07028722591494,19.8667710039077,38.505591793743314,43.01806705615317,11,3,258,37.71800049323196
2026-09-19 17:00:00,26.889278,75.83149,32.0,39,0.0,0.0,8.5,0,49.77134642205899,96.77240828382882,22.63493077115259,33.91567241460481,50.11629355825807,10,0,0,49.25218206498248
2026-09-19 18:00:00,26.889278,75.83149,29.8,51,0.0,0.0,9.6,0,43.21667372684374,65.30726767004397,29.26573396983942,31.88995430999349,45.93893422502126,8,2,54,32.03070310147504
2026-09-19 19:00:00,26.889278,75.83149,28.9,55,0.0,0.0,7.0,0,53.94191349278957,94.67163185112574,30.917509202072253,38.75562336446912,50.37036209772536,9,4,212,54.75917340096778
2026-09-19 20:00:00,26.889278,75.83149,27.6,62,0.0,0.0,7.4,0,45.2386730708503,80.47700860264841,25.08431743911598,41.79690350206488,42.1824401150929,18,2,108,41.02015440537185
2026-09-19 21:00:00,26.889278,75.83149,26.5,69,0.0,0.0,6.4,0,55.74747927584427,109.07842428196824,42.51666575479606,43.79955012095409,26.26006156055155,16,0,0,67.73760536265631
2026-09-19 22:00:00,26.889278,75.83149,26.0,72,0.0,0.0,5.1,0,52.26213931502117,79.7748842755374,42.89195584967388,46.82202443293297,39.48641329604544,11,0,0,29.45717574766655
2026-09-19 23:00:00,26.889278,75.83149,25.9,76,0.0,0.0,5.5,0,70.55291999757715,119.97045411874952,19.741782127482047,36.54445802009784,32.821580538818786,14,1,65,38.06824094136118
2026-09-20 00:00:00,26.889278,75.83149,25.2,80,0.0,0.0,2.5,0,50.88105660661324,94.412052768289,44.37815108296033,53.05008175402809,46.53193788016193,10,1,35,19.52635629694764
2026-09-20 01:00:00,26.889278,75.83149,24.9,81,0.0,0.0,2.0,0,52.07763512945606,83.41172351796145,33.66220443133902,40.90085084239562,48.531539829704165,14,1,87,27.060526436806704
2026-09-20 02:00:00,26.889278,75.83149,24.6,81,0.0,0.0,1.0,0,55.30895400784007,101.33164342099032,35.25773048120283,50.697422172003805,40.632309940862775,10,3,168,44.28029821771858
2026-09-20 03:00:00,26.889278,75.83149,24.1,82,0.0,0.0,1.8,0,33.185373467144615,54.02367525045552,36.20319533570846,36.6707935753054,43.82657079939494,9,1,73,51.93986656309251
2026-09-20 04:00:00,26.889278,75.83149,23.7,83,0.0,0.0,3.2,0,42.13383429132024,74.36267979845456,18.784374730825185,51.05624969299252,49.131800011298594,13,0,0,79.47515527581083
2026-09-20 05:00:00,26.889278,75.83149,24.8,80,0.0,0.0,4.1,0,72.2348590766691,128.2446672276802,19.7074790051973,40.57672308669217,53.11683536764461,9,5,370,33.55056640065169
2026-09-20 06:00:00,26.889278,75.83149,24.1,83,0.0,0.0,4.4,0,61.1979598823286,95.04840709940648,33.76276454362175,32.811964911780386,39.62760870806091,10,2,134,21.001798885316035
2026-09-20 07:00:00,26.889278,75.83149,25.5,76,0.0,0.0,4.4,0,56.01135695623786,99.2888686153805,24.081678550618552,35.969181440513,51.3089184988079,12,1,26,46.29988640565862
2026-09-20 08:00:00,26.889278,75.83149,28.0,66,0.0,0.0,3.2,0,67.97847018546055,118.76539199056924,52.16408844380701,42.31206846357274,41.3646717700713,12,2,186,18.08259169248041
2026-09-20 09:00:00,26.889278,75.83149,29.9,55,0.0,0.0,4.2,0,52.83707158324868,84.91450419165571,26.29635558168888,23.70635017760677,50.941662317763615,8,2,52,43.46416082040105
2026-09-20 10:00:00,26.889278,75.83149,31.2,50,0.0,0.0,5.9,0,52.01017618191997,78.38026118342056,37.4863667107644,42.26090161153324,26.198717865601708,13,0,0,27.466164257088145
2026-09-20 11:00:00,26.889278,75.83149,33.1,41,0.0,0.0,7.8,0,51.368013011234254,97.2363195979224,22.07241255980778,20.442589634278715,41.84188349169354,14,1,42,38.1739245557059
2026-09-20 12:00:00,26.889278,75.83149,33.1,42,0.1,0.1,7.9,51,32.88888511933972,56.82985896198742,47.288826709171474,41.891807658665336,46.8605008576438,14,2,76,52.36569153247001
2026-09-20 13:00:00,26.889278,75.83149,33.2,43,0.0,0.0,6.3,0,66.26900804047303,115.75461783245564,45.03638856935729,31.79726146154026,35.975826218013694,17,1,38,33.33899856378956
2026-09-20 14:00:00,26.889278,75.83149,29.8,54,0.5,0.5,13.7,53,48.72986455352043,82.13386946602327,17.86257713786415,27.824273138269632,24.56764581926841,8,2,110,53.99318626492932
2026-09-20 15:00:00,26.889278,75.83149,29.6,54,0.5,0.5,5.6,53,49.87069852295544,83.87492279139946,32.80528911400664,34.34231577344831,33.77408035793362,18,1,48,53.09737822928723
2026-09-20 16:00:00,26.889278,75.83149,30.5,51,0.0,0.0,5.4,0,50.989288945471785,90.95646705505172,30.67905826509861,52.6692526610456,42.8252276665665,10,0,0,7.03502707536358
2026-09-20 17:00:00,26.889278,75.83149,30.8,51,0.0,0.0,6.5,0,47.38042107543084,84.19348101776583,42.4264030323295,56.83494328520929,47.779987407311886,11,2,42,21.47598880946641
2026-09-20 18:00:00,26.889278,75.83149,29.2,61,0.0,0.0,8.7,0,27.89078019533585,46.81127966913259,10.50913567051488,36.45958492083543,49.01427364168677,15,0,0,11.572897079067925
2026-09-20 19:00:00,26.889278,75.83149,28.2,68,0.0,0.0,8.5,0,56.81361466776776,101.7338900027321,27.269437534503307,54.314961536170976,44.584202598802285,8,0,0,65.02605653795203
2026-09-20 20:00:00,26.889278,75.83149,27.4,71,0.0,0.0,9.4,0,81.17220175293122,136.36111010914692,36.94656685853599,43.15042851871097,34.07225480935003,10,0,0,33.4191211184401
2026-09-20 21:00:00,26.889278,75.83149,27.1,67,0.0,0.0,7.4,0,66.85797748764973,115.06192264615804,26.854739150895195,57.31277697237218,36.99783718588891,10,0,0,61.71243819449964
2026-09-20 22:00:00,26.889278,75.83149,26.7,65,0.0,0.0,7.1,0,51.54197945432602,86.61213309965478,24.358424847107983,41.159075516535935,48.28495920559023,16,1,30,10.505715791870248
2026-09-20 23:00:00,26.889278,75.83149,27.3,67,0.0,0.0,8.8,0,43.903679059896646,66.4059676800705,17.60652239775719,47.45513264382514,51.201687987890686,5,2,42,26.40847363177211
2026-09-21 00:00:00,26.889278,75.83149,26.2,73,0.0,0.0,7.5,0,55.308242412756975,84.81712670236381,32.3093986639533,30.139956566081384,45.53786341784653,15,2,172,47.00747362648959
2026-09-21 01:00:00,26.889278,75.83149,25.8,76,0.0,0.0,6.3,0,59.45079886456316,116.24743198888656,27.62897735079226,52.732788381181294,58.34351972530651,17,3,93,37.68911906640026
2026-09-21 02:00:00,26.889278,75.83149,25.5,78,0.0,0.0,5.5,0,53.55613658767676,93.03099081071704,17.480777416009634,48.99081896249943,40.48161877046013,15,2,78,42.99289839220188
2026-09-21 03:00:00,26.889278,75.83149,25.3,78,0.0,0.0,4.8,0,65.00863979691586,102.04174932554656,30.33689807203305,52.23236043410297,44.68561365041938,9,2,48,16.192876493101146
2026-09-21 04:00:00,26.889278,75.83149,25.0,80,0.0,0.0,2.8,0,43.56217548044437,79.15162910596598,23.43483591947933,56.5279147171383,46.224088052441886,14,0,0,55.65205239318394
2026-09-21 05:00:00,26.889278,75.83149,25.7,76,0.0,0.0,2.1,0,67.81211842284739,130.21610767220398,31.44624614956128,37.46947587723842,43.28167853044907,8,1,57,46.65524143635933
2026-09-21 06:00:00,26.889278,75.83149,25.3,78,0.0,0.0,2.5,0,56.86152221632131,95.31553692860425,35.10057586044395,45.16633303663605,35.46983542808174,11,0,0,41.0243825823721
2026-09-21 07:00:00,26.889278,75.83149,26.7,73,0.0,0.0,3.1,0,48.40985810130285,82.74252269963125,38.09756544287425,22.19947929475809,35.28966301286779,13,0,0,24.715845783772885
2026-09-21 08:00:00,26.889278,75.83149,29.0,62,0.0,0.0,0.9,0,51.596023435039456,101.04224123831013,32.12915023651725,31.884000970465827,45.141793690684125,14,0,0,39.85700191408918
2026-09-21 09:00:00,26.889278,75.83149,30.6,53,0.0,0.0,1.5,0,59.16807379879655,116.18136871944051,21.044916591985285,28.49229114467541,47.87161813209318,11,0,0,30.627650315097647
2026-09-21 10:00:00,26.889278,75.83149,31.9,47,0.0,0.0,3.3,0,64.14758905843586,122.72795167935988,27.5157391619971,48.87222223613809,57.56213857358284,13,0,0,10.242631849433572
2026-09-21 11:00:00,26.889278,75.83149,33.6,40,0.0,0.0,6.1,0,55.86932012684925,96.6083044067772,26.23317106883963,46.61968811129336,45.33688024137444,10,1,49,34.24365722417768
2026-09-21 12:00:00,26.889278,75.83149,33.7,38,0.1,0.1,6.4,51,61.18257483927757,102.53242222943616,37.53297871169929,44.867922049268586,25.04498572598108,13,0,0,33.64904402666211
2026-09-21 13:00:00,26.889278,75.83149,33.8,38,0.1,0.1,6.2,51,83.04230279811011,127.07237522569427,23.527252900882388,42.695074452423725,34.483134765664275,10,2,66,51.9360226481268
2026-09-21 14:00:00,26.889278,75.83149,33.6,39,0.1,0.1,4.8,51,34.53318264585127,64.16161141126119,41.60876320364172,61.32110226308349,32.768818248514975,15,0,0,5.0
2026-09-21 15:00:00,26.889278,75.83149,33.5,38,0.2,0.2,3.6,51,29.33571429800202,46.90200434048533,29.01175051130332,49.7661109215632,37.26716359339458,17,0,0,40.52799743282051
2026-09-21 16:00:00,26.889278,75.83149,32.9,40,0.3,0.3,5.8,51,53.66484752355869,100.90439236774694,34.6757628460981,35.876377018017045,46.79913021605624,11,0,0,20.66647927841424
2026-09-21 17:00:00,26.889278,75.83149,32.9,38,0.0,0.0,6.9,0,43.38690971425168,83.73986359831659,25.63885334802981,58.456230803437535,47.04879067204492,8,0,0,39.7883501329332
2026-09-21 18:00:00,26.889278,75.83149,31.5,43,0.0,0.0,6.9,0,56.35631557153373,98.52449396335054,39.24740172133982,58.39997930232947,47.02849350872344,11,0,0,40.61420083365959
2026-09-21 19:00:00,26.889278,75.83149,30.3,51,0.0,0.0,6.1,0,35.675009956564274,64.33072100260402,24.49366432556404,49.951755342199306,34.89106947276616,9,0,0,33.697328343047126
2026-09-21 20:00:00,26.889278,75.83149,29.2,59,0.0,0.0,5.8,0,56.595035202491445,102.71448782770878,42.61544961970127,18.799768130226305,42.3197089950913,14,0,0,47.109396872166265
2026-09-21 21:00:00,26.889278,75.83149,28.5,65,0.0,0.0,3.3,0,70.73041478835938,115.38262232040238,32.76711353093636,32.042520878925856,44.67386819008328,10,0,0,16.313509113504516
2026-09-21 22:00:00,26.889278,75.83149,28.0,66,0.0,0.0,2.0,0,68.30172009979945,112.8515389031966,35.74035869275116,45.86364058188665,59.57830343845559,10,1,77,51.6158067542255
2026-09-21 23:00:00,26.889278,75.83149,28.0,67,0.0,0.0,4.7,0,41.82399714826416,69.2452790415579,33.98372501537015,37.90045963098179,54.30408420546745,14,0,0,24.37881700708788
2026-09-22 00:00:00,26.889278,75.83149,27.0,70,0.0,0.0,4.9,0,51.28543092048116,93.40759060621124,22.83382148597253,24.93470409546993,43.66441391875727,10,1,56,11.661520242651566
2026-09-22 01:00:00,26.889278,75.83149,26.8,70,0.0,0.0,2.7,0,65.6220113955547,126.42919117040236,40.73338813190411,42.48710229398582,51.13297419835676,9,0,0,30.914060442502866
2026-09-22 02:00:00,26.889278,75.83149,26.7,69,0.0,0.0,3.4,0,76.89449602518856,143.99604313100036,16.872364614064495,33.817681207105224,45.88098883380813,8,2,178,5.0
2026-09-22 03:00:00,26.889278,75.83149,26.4,69,0.0,0.0,4.3,0,43.5626984265714,78.77126018636811,30.181011266669003,43.94405335153356,42.90935544050142,10,2,74,38.81260838369303
2026-09-22 04:00:00,26.889278,75.83149,26.1,70,0.0,0.0,4.2,0,44.751366846230965,69.10283399608048,35.7593693606516,44.03294305159274,42.54643623369732,7,0,0,31.111243361296616
2026-09-22 05:00:00,26.889278,75.83149,26.3,69,0.0,0.0,2.9,0,68.4116679216705,115.4254247553957,37.71929767691074,56.10485935206535,32.58151134361789,13,2,120,53.505303820640535
2026-09-22 06:00:00,26.889278,75.83149,25.9,71,0.0,0.0,3.0,0,50.6892951972824,87.4497510951043,24.21889675221929,32.32470224705745,55.95641673886608,12,0,0,44.73386315760493
2026-09-22 07:00:00,26.889278,75.83149,27.2,66,0.0,0.0,4.6,0,42.67925621424811,78.71507504489807,25.38914515430953,52.09522144618275,45.90207151179459,8,1,53,14.120054942179848
2026-09-22 08:00:00,26.889278,75.83149,29.6,57,0.0,0.0,3.7,0,67.61402305300501,129.11468774118924,27.496178182818923,31.73906928485988,36.66777042301904,10,1,36,22.42418763323172
2026-09-22 09:00:00,26.889278,75.83149,31.5,47,0.0,0.0,4.0,0,34.8395253976344,60.48295980263912,21.081623106944964,51.81709523638452,41.78305698051821,13,1,56,42.80996630801314
2026-09-22 10:00:00,26.889278,75.83149,33.0,40,0.0,0.0,2.8,1,46.79248871499503,89.10487274605349,27.292854229224723,46.32626035058842,40.88048061106024,15,0,0,47.70618514977552
2026-09-22 11:00:00,26.889278,75.83149,34.1,37,0.0,0.0,4.0,1,66.59604988959572,115.13963200483424,21.99905444064532,45.52124402283973,43.73996865226094,10,0,0,53.3375137233032
2026-09-22 12:00:00,26.889278,75.83149,34.3,35,0.0,0.0,5.4,1,47.46006625699932,77.04991060173236,33.14502355650514,42.67049216583778,41.51381816852618,11,2,92,53.21763927958023
2026-09-22 13:00:00,26.889278,75.83149,34.8,33,0.0,0.0,7.0,1,64.16482317499066,99.41708099058484,27.620042575668712,34.34611008284431,56.390331938341305,6,1,76,33.657160846281414
2026-09-22 14:00:00,26.889278,75.83149,34.9,32,0.1,0.1,9.8,51,39.48006023424029,65.10334474924714,22.61233272545367,45.14730454468752,32.54076760360432,13,1,50,41.439834333767536
2026-09-22 15:00:00,26.889278,75.83149,34.6,32,0.1,0.1,10.0,51,63.50438352264514,109.90445392761734,23.15883990631513,46.62653001321499,51.81582465659079,13,0,0,55.481077559156944
2026-09-22 16:00:00,26.889278,75.83149,34.3,32,0.0,0.0,9.5,0,60.6652447215104,113.45892733282336,30.352592156556653,53.34633542007812,44.03212907197088,11,0,0,30.45037307096077
2026-09-22 17:00:00,26.889278,75.83149,34.2,32,0.0,0.0,6.7,0,74.44805143239529,144.08126110053203,22.515521906117822,44.85057365148237,51.74790221459346,10,1,31,40.69589280410185
2026-09-22 18:00:00,26.889278,75.83149,32.8,39,0.0,0.0,1.1,0,52.04942069463556,88.91301555900951,17.931162105611378,45.74557779920028,41.27572752446137,9,0,0,30.096788304805223
2026-09-22 19:00:00,26.889278,75.83149,31.6,43,0.0,0.0,0.6,0,50.76822048597928,83.99004783858932,20.272781192013923,30.03346973850689,38.07837769764723,10,0,0,26.7357782830186
2026-09-22 20:00:00,26.889278,75.83149,30.4,45,0.0,0.0,2.7,0,53.85009229480857,94.8960920325333,30.99475112628842,23.367761430218422,46.35480776647808,11,0,0,35.72577677428705
2026-09-22 21:00:00,26.889278,75.83149,29.4,50,0.0,0.0,4.7,0,67.57077248478427,114.006809079245,14.594403969741846,42.422209708594224,59.89955562099906,11,0,0,24.68684822990613
2026-09-22 22:00:00,26.889278,75.83149,28.9,55,0.0,0.0,2.5,0,46.08788322973713,74.7653826222874,29.82086194527556,64.21787229506026,36.41980691956452,14,2,72,33.036260408453764
2026-09-22 23:00:00,26.889278,75.83149,29.3,61,0.0,0.0,1.5,0,53.29444408427897,99.89217461074576,35.77808999276783,39.1376545189147,50.16849849802079,16,2,90,19.47567703201801
2026-09-23 00:00:00,26.889278,75.83149,28.5,61,0.0,0.0,0.6,0,78.39569560821407,127.63934190124937,24.034669225659428,31.28727379628674,55.08601846565479,13,1,81,32.15008419226431
2026-09-23 01:00:00,26.889278,75.83149,27.1,64,0.0,0.0,3.0,0,64.36329505396215,119.97163595931758,26.57862630210496,13.948264495469488,48.54609862980726,13,1,65,41.72585440423792
2026-09-23 02:00:00,26.889278,75.83149,25.8,72,0.0,0.0,3.3,0,63.69139329986026,116.26683169347564,17.020429908485262,46.20817709545989,44.28942370221029,15,0,0,26.168546956898066
2026-09-23 03:00:00,26.889278,75.83149,25.4,74,0.0,0.0,2.4,0,48.74689665877327,80.85269237531334,21.049145926916992,30.31100674743068,59.437763695955454,11,0,0,35.13937628796369
2026-09-23 04:00:00,26.889278,75.83149,25.0,74,0.0,0.0,2.8,0,65.33254425295038,124.18263654437978,24.34494053256295,33.82259383837855,45.51328494758865,16,0,0,37.09013890431896
2026-09-23 05:00:00,26.889278,75.83149,25.5,70,0.0,0.0,3.2,0,41.02410144499946,68.08009338698166,31.67695453468672,42.90536018661256,50.85700435888084,12,2,168,41.78802337732002
2026-09-23 06:00:00,26.889278,75.83149,25.0,73,0.0,0.0,3.5,0,37.096528816529485,71.17377496814609,25.81846794692824,46.74099860994335,46.8294727464577,11,2,140,32.99630238042176
2026-09-23 07:00:00,26.889278,75.83149,26.5,68,0.0,0.0,4.4,0,43.6912993791859,79.90964299786512,19.820843278941144,59.24977769533807,49.02816355185568,9,0,0,51.28799512801709
2026-09-23 08:00:00,26.889278,75.83149,29.4,58,0.0,0.0,2.3,0,72.01277831891005,111.39860172502864,24.5272538884935,52.70591050750518,41.66368858004117,10,0,0,5.0
2026-09-23 09:00:00,26.889278,75.83149,31.7,49,0.0,0.0,3.8,2,57.00736278675263,98.64029262384824,19.10674405138836,47.29017542068623,39.93599255517103,13,0,0,79.0662927075166
2026-09-23 10:00:00,26.889278,75.83149,33.2,43,0.0,0.0,4.8,2,43.79120441424027,69.92387297505236,42.91876327546458,39.9356581350246,53.91546976193112,9,0,0,21.93299353943725
2026-09-23 11:00:00,26.889278,75.83149,35.4,34,0.0,0.0,1.7,2,50.70180240434179,88.21877465976864,23.84537808376541,28.030683530805533,45.56899066161537,11,0,0,41.050850350311165
2026-09-23 12:00:00,26.889278,75.83149,36.2,28,0.0,0.0,2.4,2,60.40932282505775,92.27987145682224,41.317667226848016,37.48939531484288,49.241654483770674,11,0,0,20.92298134691227
2026-09-23 13:00:00,26.889278,75.83149,36.9,25,0.0,0.0,5.9,1,69.17863462514413,106.68045523099714,16.130035203959732,49.75434548467092,37.22396267037047,13,0,0,44.66402239263952
2026-09-23 14:00:00,26.889278,75.83149,37.0,24,0.0,0.0,8.3,1,35.39875593247617,62.57706607590495,21.13352584051216,17.38710119617055,51.84285543467168,11,1,30,39.14853728892392
2026-09-23 15:00:00,26.889278,75.83149,36.7,24,0.0,0.0,10.3,0,71.04376947127007,131.86685276117106,40.619712280011726,39.22992677478904,54.5811028608786,16,1,55,25.239296939823657
2026-09-23 16:00:00,26.889278,75.83149,36.1,25,0.0,0.0,9.5,0,66.17633794187203,104.75205532342092,26.789860375041307,55.5003526401193,46.3857330540429,11,1,78,51.09631018115469
2026-09-23 17:00:00,26.889278,75.83149,35.8,24,0.0,0.0,5.5,0,46.62862513787992,82.86085390001921,46.36136848752821,49.29415475734756,33.96534847159859,10,2,116,32.54058680597118
2026-09-23 18:00:00,26.889278,75.83149,33.4,33,0.0,0.0,2.2,0,50.20796003019247,93.16041533556842,35.71281260499019,37.28426323022015,50.61835048934145,14,1,73,43.20823907085506
2026-09-23 19:00:00,26.889278,75.83149,31.7,38,0.0,0.0,7.2,0,60.88639290185322,116.85773924512958,40.38470891887119,36.58942444922935,33.60865026494049,17,0,0,21.24260292205946
2026-09-23 20:00:00,26.889278,75.83149,30.2,49,0.0,0.0,9.0,0,51.56141534266084,88.66276878824264,16.575126861183474,46.42959081236193,49.19136822075149,14,2,86,34.5366854664263
2026-09-23 21:00:00,26.889278,75.83149,29.5,53,0.0,0.0,4.4,0,56.64936591025017,113.0577408025794,30.71273706169692,37.60281989347554,51.04068141363205,12,1,41,65.05110900773157
2026-09-23 22:00:00,26.889278,75.83149,28.9,56,0.0,0.0,4.0,0,42.27871804624036,84.11807356807185,26.394470993734128,45.61724497648393,36.10809998619008,11,1,88,49.44448293671195
2026-09-23 23:00:00,26.889278,75.83149,29.2,57,0.0,0.0,5.3,0,33.12658580007232,63.24276586819881,42.18494910911242,57.368394067354615,40.16187686666711,7,0,0,39.61431133176578
